"ADDRESS","LATITUDE","LONGTITUDE","address","amenitiestype"
"11 WOODLANDS CIRCLE ADMIRALTY PRIMARY SCHOOL SINGAPORE 738907",1.4426347903311,103.800040119743,"ADMIRALTY PRIMARY SCHOOL","school"
"31 WOODLANDS CRESCENT ADMIRALTY SECONDARY SCHOOL SINGAPORE 737916",1.44589068910993,103.802398196596,"ADMIRALTY SECONDARY SCHOOL","school"
"10 YISHUN STREET 11 AHMAD IBRAHIM PRIMARY SCHOOL SINGAPORE 768643",1.43315271543517,103.832942401086,"AHMAD IBRAHIM PRIMARY SCHOOL","school"
"751 YISHUN AVENUE 7 AHMAD IBRAHIM SECONDARY SCHOOL SINGAPORE 768928",1.43605975368804,103.829718690077,"AHMAD IBRAHIM SECONDARY SCHOOL","school"
"100 BRIGHT HILL DRIVE AI TONG SCHOOL SINGAPORE 579646",1.3605834338904,103.833020333986,"AI TONG SCHOOL","school"
"2A PRINCE CHARLES CRESCENT ALEXANDRA PRIMARY SCHOOL SINGAPORE 159016",1.29133439161334,103.824424680531,"ALEXANDRA PRIMARY SCHOOL","school"
"31 ANCHORVALE DRIVE ANCHOR GREEN PRIMARY SCHOOL SINGAPORE 544969",1.39036998654612,103.887165375933,"ANCHOR GREEN PRIMARY SCHOOL","school"
"19 ANG MO KIO AVENUE 9 ANDERSON PRIMARY SCHOOL SINGAPORE 569785",1.38426429436736,103.841392081119,"ANDERSON PRIMARY SCHOOL","school"
"10 ANG MO KIO STREET 53 ANDERSON SECONDARY SCHOOL SINGAPORE 569206",1.37434001701177,103.851554107068,"ANDERSON SECONDARY SCHOOL","school"
"4500 ANG MO KIO AVENUE 6 ANDERSON SERANGOON JUNIOR COLLEGE SINGAPORE 569843",1.37894408046934,103.845760935132,"ANDERSON SERANGOON JUNIOR COLLEGE","school"
"20 ANG MO KIO AVENUE 3 ANG MO KIO PRIMARY SCHOOL SINGAPORE 569920",1.36932176584608,103.839630858752,"ANG MO KIO PRIMARY SCHOOL","school"
"6 ANG MO KIO STREET 22 ANG MO KIO SECONDARY SCHOOL SINGAPORE 569362",1.36733710171069,103.842154973672,"ANG MO KIO SECONDARY SCHOOL","school"
"600 UPPER CHANGI ROAD ANGLICAN HIGH SCHOOL SINGAPORE 487012",1.33118109596833,103.941853443058,"ANGLICAN HIGH SCHOOL","school"
"25 DOVER CLOSE EAST ANGLO-CHINESE JUNIOR COLLEGE SINGAPORE 139745",1.30304255193392,103.785358436408,"ANGLO-CHINESE JUNIOR COLLEGE","school"
"60 BARKER ROAD ANGLO-CHINESE SCHOOL (BARKER ROAD) SINGAPORE 309919",1.31961649151328,103.835772689988,"ANGLO-CHINESE SCHOOL (BARKER ROAD)","school"
"121 DOVER ROAD ANGLO-CHINESE SCHOOL (INDEPENDENT) SINGAPORE 139650",1.30370409257783,103.780363417671,"ANGLO-CHINESE SCHOOL (INDEPENDENT)","school"
"16 WINSTEDT ROAD ANGLO-CHINESE SCHOOL (JUNIOR) SINGAPORE 227988",1.30935122626928,103.84095509189,"ANGLO-CHINESE SCHOOL (JUNIOR)","school"
"50 BARKER ROAD ANGLO-CHINESE SCHOOL (PRIMARY) SINGAPORE 309918",1.31837054523521,103.835609732354,"ANGLO-CHINESE SCHOOL (PRIMARY)","school"
"3 TAMPINES STREET 22 ANGSANA PRIMARY SCHOOL SINGAPORE 529366",1.34855287558648,103.951808105552,"ANGSANA PRIMARY SCHOOL","school"
"622 UPPER BUKIT TIMAH ROAD ASSUMPTION ENGLISH SCHOOL SINGAPORE 678117",1.36838160662857,103.766687526556,"ASSUMPTION ENGLISH SCHOOL","school"
"30 CASHEW ROAD ASSUMPTION PATHWAY SCHOOL SINGAPORE 679697",1.3696707043227,103.765959130581,"ASSUMPTION PATHWAY SCHOOL","school"
"10 JALAN BUNGA RAMPAI BARTLEY SECONDARY SCHOOL SINGAPORE 538403",1.33995415587811,103.882806211705,"BARTLEY SECONDARY SCHOOL","school"
"36 BUKIT PANJANG RING ROAD BEACON PRIMARY SCHOOL SINGAPORE 679944",1.38394936211823,103.773632022975,"BEACON PRIMARY SCHOOL","school"
"1 TOA PAYOH NORTH BEATTY SECONDARY SCHOOL SINGAPORE 318990",1.34177065605301,103.852285636043,"BEATTY SECONDARY SCHOOL","school"
"1 BEDOK SOUTH AVENUE 2 BEDOK GREEN PRIMARY SCHOOL SINGAPORE 469317",1.32344593287992,103.937878976352,"BEDOK GREEN PRIMARY SCHOOL","school"
"360 BEDOK NORTH AVENUE 3 BEDOK GREEN SECONDARY SCHOOL SINGAPORE 469722",1.33451947288431,103.935028383346,"BEDOK GREEN SECONDARY SCHOOL","school"
"1 JALAN LANGGAR BEDOK BEDOK SOUTH SECONDARY SCHOOL SINGAPORE 468585",1.32513655159184,103.950989139261,"BEDOK SOUTH SECONDARY SCHOOL","school"
"6 BEDOK SOUTH AVENUE 3 BEDOK VIEW SECONDARY SCHOOL SINGAPORE 469293",1.3241570405706,103.943776244752,"BEDOK VIEW SECONDARY SCHOOL","school"
"91 BENDEMEER ROAD BENDEMEER PRIMARY SCHOOL SINGAPORE 339948",1.32181250780475,103.865404167629,"BENDEMEER PRIMARY SCHOOL","school"
"1 SAINT WILFRED ROAD BENDEMEER SECONDARY SCHOOL SINGAPORE 327919",1.32461111307996,103.860970284401,"BENDEMEER SECONDARY SCHOOL","school"
"91 TELOK BLANGAH HEIGHTS BLANGAH RISE PRIMARY SCHOOL SINGAPORE 109100",1.27612047924037,103.808628535239,"BLANGAH RISE PRIMARY SCHOOL","school"
"20 BOON LAY DRIVE BOON LAY GARDEN PRIMARY SCHOOL SINGAPORE 649930",1.34317853793318,103.713280889452,"BOON LAY GARDEN PRIMARY SCHOOL","school"
"11 JURONG WEST STREET 65 BOON LAY SECONDARY SCHOOL SINGAPORE 648354",1.34272216334333,103.701891453912,"BOON LAY SECONDARY SCHOOL","school"
"2 LORONG NAPIRI BOWEN SECONDARY SCHOOL SINGAPORE 547529",1.37035994436209,103.877659577677,"BOWEN SECONDARY SCHOOL","school"
"61 DAKOTA CRESCENT BROADRICK SECONDARY SCHOOL SINGAPORE 399935",1.30705061123433,103.886917922608,"BROADRICK SECONDARY SCHOOL","school"
"50 BUKIT BATOK WEST AVENUE 8 BUKIT BATOK SECONDARY SCHOOL SINGAPORE 658962",1.348490856493,103.740873704829,"BUKIT BATOK SECONDARY SCHOOL","school"
"10 LENGKOK BAHRU BUKIT MERAH SECONDARY SCHOOL SINGAPORE 159050",1.28578413756164,103.813023119574,"BUKIT MERAH SECONDARY SCHOOL","school"
"109 CASHEW ROAD BUKIT PANJANG PRIMARY SCHOOL SINGAPORE 679676",1.37362179302436,103.769374904025,"BUKIT PANJANG PRIMARY SCHOOL","school"
"111 LORONG KISMIS BUKIT TIMAH PRIMARY SCHOOL SINGAPORE 598112",1.33751860013147,103.767243310781,"BUKIT TIMAH PRIMARY SCHOOL","school"
"18 BUKIT BATOK STREET 21 BUKIT VIEW PRIMARY SCHOOL SINGAPORE 659634",1.34586054788695,103.75366641455,"BUKIT VIEW PRIMARY SCHOOL","school"
"16 BUKIT BATOK STREET 21 BUKIT VIEW SECONDARY SCHOOL SINGAPORE 659633",1.3457330554294,103.752226593984,"BUKIT VIEW SECONDARY SCHOOL","school"
"21 ADMIRALTY DRIVE CANBERRA PRIMARY SCHOOL SINGAPORE 757714",1.45130467584562,103.815839476605,"CANBERRA PRIMARY SCHOOL","school"
"51 SEMBAWANG DRIVE CANBERRA SECONDARY SCHOOL SINGAPORE 757699",1.45319086315972,103.814203583818,"CANBERRA SECONDARY SCHOOL","school"
"1 SALLIM ROAD CANOSSA CATHOLIC PRIMARY SCHOOL SINGAPORE 387621",1.32664424544839,103.882227964852,"CANOSSA CATHOLIC PRIMARY SCHOOL","school"
"1 CANTONMENT CLOSE CANTONMENT PRIMARY SCHOOL SINGAPORE 088256",1.27547252623201,103.839962631748,"CANTONMENT PRIMARY SCHOOL","school"
"30 PASIR RIS STREET 41 CASUARINA PRIMARY SCHOOL SINGAPORE 518935",1.37246063927999,103.957020286115,"CASUARINA PRIMARY SCHOOL","school"
"9 BISHAN STREET 22 CATHOLIC HIGH SCHOOL SINGAPORE 579767",1.3547230747166,103.844874676599,"CATHOLIC HIGH SCHOOL","school"
"129 WHITLEY ROAD CATHOLIC JUNIOR COLLEGE SINGAPORE 297822",1.32455605783219,103.835028842353,"CATHOLIC JUNIOR COLLEGE","school"
"1 CEDAR AVENUE CEDAR GIRLS' SECONDARY SCHOOL SINGAPORE 349692",1.33375800216334,103.873933064886,"CEDAR GIRLS' SECONDARY SCHOOL","school"
"15 CEDAR AVENUE CEDAR PRIMARY SCHOOL SINGAPORE 349700",1.3355885014312,103.87562104944,"CEDAR PRIMARY SCHOOL","school"
"23 SIMEI STREET 3 CHANGKAT CHANGI SECONDARY SCHOOL SINGAPORE 529894",1.33950630072876,103.953245525564,"CHANGKAT CHANGI SECONDARY SCHOOL","school"
"11 SIMEI STREET 3 CHANGKAT PRIMARY SCHOOL SINGAPORE 529896",1.34023163951633,103.952080114035,"CHANGKAT PRIMARY SCHOOL","school"
"17 MARTIA ROAD CHIJ (KATONG) PRIMARY SINGAPORE 424821",1.30648535277087,103.911105620496,"CHIJ (KATONG) PRIMARY","school"
"1 BUKIT TERESA ROAD CHIJ (KELLOCK) SINGAPORE 099757",1.275022722964,103.828157564896,"CHIJ (KELLOCK)","school"
"346 MARINE TERRACE CHIJ KATONG CONVENT SINGAPORE 449150",1.30644268034894,103.917144350028,"CHIJ KATONG CONVENT","school"
"2C BURGHLEY DRIVE CHIJ OUR LADY OF GOOD COUNSEL SINGAPORE 558979",1.35742952269615,103.864009397373,"CHIJ OUR LADY OF GOOD COUNSEL","school"
"1257 UPPER SERANGOON ROAD CHIJ OUR LADY OF THE NATIVITY SINGAPORE 534793",1.37330297140128,103.897575728303,"CHIJ OUR LADY OF THE NATIVITY","school"
"4 CHESTNUT DRIVE CHIJ OUR LADY QUEEN OF PEACE SINGAPORE 679287",1.366603668561,103.767412204602,"CHIJ OUR LADY QUEEN OF PEACE","school"
"628 LORONG 1 TOA PAYOH CHIJ PRIMARY (TOA PAYOH) SINGAPORE 319765",1.33275264711587,103.841847263786,"CHIJ PRIMARY (TOA PAYOH)","school"
"626 LORONG 1 TOA PAYOH CHIJ SECONDARY (TOA PAYOH) SINGAPORE 319764",1.33246079948303,103.843271625083,"CHIJ SECONDARY (TOA PAYOH)","school"
"170 YISHUN AVENUE 6 CHONGFU SCHOOL SINGAPORE 768959",1.43839562897006,103.839309173817,"CHONGFU SCHOOL","school"
"1 TAMPINES STREET 21 CHONGZHENG PRIMARY SCHOOL SINGAPORE 529392",1.35070739237744,103.951399541868,"CHONGZHENG PRIMARY SCHOOL","school"
"20 WOODLANDS DRIVE 17 CHRIST CHURCH SECONDARY SCHOOL SINGAPORE 737924",1.42656780901455,103.793451105242,"CHRIST CHURCH SECONDARY SCHOOL","school"
"20 CHOA CHU KANG AVENUE 2 CHUA CHU KANG PRIMARY SCHOOL SINGAPORE 689905",1.37775890093367,103.741832917421,"CHUA CHU KANG PRIMARY SCHOOL","school"
"3 TECK WHYE CRESCENT CHUA CHU KANG SECONDARY SCHOOL SINGAPORE 688845",1.38319029263484,103.751878290333,"CHUA CHU KANG SECONDARY SCHOOL","school"
"50 GOODMAN ROAD CHUNG CHENG HIGH SCHOOL (MAIN) SINGAPORE 439012",1.30509154753048,103.891653229373,"CHUNG CHENG HIGH SCHOOL (MAIN)","school"
"11 YISHUN STREET 61 CHUNG CHENG HIGH SCHOOL (YISHUN) SINGAPORE 768547",1.41922603586175,103.837390782849,"CHUNG CHENG HIGH SCHOOL (YISHUN)","school"
"8 CLEMENTI AVENUE 3 CLEMENTI PRIMARY SCHOOL SINGAPORE 129903",1.31506321827875,103.763144493687,"CLEMENTI PRIMARY SCHOOL","school"
"10 CLEMENTI AVENUE 3 CLEMENTI TOWN SECONDARY SCHOOL SINGAPORE 129904",1.31553912945073,103.762020598524,"CLEMENTI TOWN SECONDARY SCHOOL","school"
"698 WEST COAST ROAD COMMONWEALTH SECONDARY SCHOOL SINGAPORE 608784",1.31920395934801,103.745637393049,"COMMONWEALTH SECONDARY SCHOOL","school"
"21 COMPASSVALE STREET COMPASSVALE PRIMARY SCHOOL SINGAPORE 545091",1.39444529636566,103.897812229905,"COMPASSVALE PRIMARY SCHOOL","school"
"51 COMPASSVALE CRESCENT COMPASSVALE SECONDARY SCHOOL SINGAPORE 545083",1.39614083952009,103.899847164494,"COMPASSVALE SECONDARY SCHOOL","school"
"3 CHOA CHU KANG AVENUE 4 CONCORD PRIMARY SCHOOL SINGAPORE 689814",1.38000806197242,103.736225440727,"CONCORD PRIMARY SCHOOL","school"
"31 JURONG WEST STREET 24 CORPORATION PRIMARY SCHOOL SINGAPORE 648347",1.35099779872539,103.707593724342,"CORPORATION PRIMARY SCHOOL","school"
"357 TANGLIN ROAD CRESCENT GIRLS' SCHOOL SINGAPORE 247961",1.29331947049729,103.817544461483,"CRESCENT GIRLS' SCHOOL","school"
"561 JURONG EAST STREET 24 CREST SECONDARY SCHOOL SINGAPORE 609561",1.3431198045076,103.742628105304,"CREST SECONDARY SCHOOL","school"
"52 BEDOK RESERVOIR CRESCENT DAMAI PRIMARY SCHOOL SINGAPORE 479226",1.33546106800406,103.921270169613,"DAMAI PRIMARY SCHOOL","school"
"4800 BEDOK RESERVOIR ROAD DAMAI SECONDARY SCHOOL SINGAPORE 479229",1.33692798510393,103.927091653438,"DAMAI SECONDARY SCHOOL","school"
"35 BUKIT BATOK STREET 31 DAZHONG PRIMARY SCHOOL SINGAPORE 659441",1.3591797447277,103.74847210784,"DAZHONG PRIMARY SCHOOL","school"
"11 CHOA CHU KANG STREET 52 DE LA SALLE SCHOOL SINGAPORE 689285",1.3947078296399,103.743201812831,"DE LA SALLE SCHOOL","school"
"1 ANG MO KIO STREET 42 DEYI SECONDARY SCHOOL SINGAPORE 569277",1.36599702567717,103.852545772422,"DEYI SECONDARY SCHOOL","school"
"21 BUKIT BATOK WEST AVENUE 2 DUNEARN SECONDARY SCHOOL SINGAPORE 659204",1.36357900792871,103.74472109107,"DUNEARN SECONDARY SCHOOL","school"
"10 TANJONG RHU ROAD DUNMAN HIGH SCHOOL SINGAPORE 436895",1.29996216014962,103.88294155989,"DUNMAN HIGH SCHOOL","school"
"21 TAMPINES STREET 45 DUNMAN SECONDARY SCHOOL SINGAPORE 529093",1.36065258337022,103.956213906966,"DUNMAN SECONDARY SCHOOL","school"
"31 TAMPINES STREET 33 EAST SPRING PRIMARY SCHOOL SINGAPORE 529258",1.35268400746357,103.961676849165,"EAST SPRING PRIMARY SCHOOL","school"
"30 TAMPINES STREET 34 EAST SPRING SECONDARY SCHOOL SINGAPORE 529231",1.35622508992581,103.960640700298,"EAST SPRING SECONDARY SCHOOL","school"
"41 EDGEFIELD PLAINS EDGEFIELD PRIMARY SCHOOL SINGAPORE 828869",1.40009139510996,103.907847599114,"EDGEFIELD PRIMARY SCHOOL","school"
"36 PUNGGOL FIELD EDGEFIELD SECONDARY SCHOOL SINGAPORE 828814",1.40059309981824,103.902687385465,"EDGEFIELD SECONDARY SCHOOL","school"
"11 PASIR RIS STREET 52 ELIAS PARK PRIMARY SCHOOL SINGAPORE 518866",1.37451269377776,103.945128117139,"ELIAS PARK PRIMARY SCHOOL","school"
"10 ADMIRALTY LINK ENDEAVOUR PRIMARY SCHOOL SINGAPORE 757521",1.45403837499301,103.817436231731,"ENDEAVOUR PRIMARY SCHOOL","school"
"2 SIN MING PLACE EUNOIA JUNIOR COLLEGE SINGAPORE 573838",1.36213757183547,103.841286169122,"EUNOIA JUNIOR COLLEGE","school"
"95 JALAN EUNOS EUNOS PRIMARY SCHOOL SINGAPORE 419529",1.32447629876368,103.904541254016,"EUNOS PRIMARY SCHOOL","school"
"31 WOODLANDS CIRCLE EVERGREEN PRIMARY SCHOOL SINGAPORE 738908",1.44415332824735,103.794577787757,"EVERGREEN PRIMARY SCHOOL","school"
"11 WOODLANDS STREET 83 EVERGREEN SECONDARY SCHOOL SINGAPORE 738489",1.44149131273737,103.794137756171,"EVERGREEN SECONDARY SCHOOL","school"
"100 DOVER ROAD FAIRFIELD METHODIST SCHOOL (PRIMARY) SINGAPORE 139648",1.30054082453424,103.785438270044,"FAIRFIELD METHODIST SCHOOL (PRIMARY)","school"
"102 DOVER ROAD FAIRFIELD METHODIST SCHOOL (SECONDARY) SINGAPORE 139649",1.30163374395823,103.784099647149,"FAIRFIELD METHODIST SCHOOL (SECONDARY)","school"
"31 GANGSA ROAD FAJAR SECONDARY SCHOOL SINGAPORE 678972",1.375600053443,103.763998914082,"FAJAR SECONDARY SCHOOL","school"
"2 FARRER PARK ROAD FARRER PARK PRIMARY SCHOOL SINGAPORE 217567",1.31236856978581,103.850766162813,"FARRER PARK PRIMARY SCHOOL","school"
"307 BEDOK NORTH ROAD FENGSHAN PRIMARY SCHOOL SINGAPORE 469680",1.32980598760785,103.931710293058,"FENGSHAN PRIMARY SCHOOL","school"
"70 FERNVALE LINK FERN GREEN PRIMARY SCHOOL SINGAPORE 797538",1.39726966050479,103.880330305684,"FERN GREEN PRIMARY SCHOOL","school"
"1 FERNVALE LANE FERNVALE PRIMARY SCHOOL SINGAPORE 797701",1.39030227963797,103.874445458032,"FERNVALE PRIMARY SCHOOL","school"
"7 LORONG 8 TOA PAYOH FIRST TOA PAYOH PRIMARY SCHOOL SINGAPORE 319252",1.34032299499938,103.855529906182,"FIRST TOA PAYOH PRIMARY SCHOOL","school"
"20 JURONG WEST STREET 61 FRONTIER PRIMARY SCHOOL SINGAPORE 648200",1.33641298743234,103.69970173931,"FRONTIER PRIMARY SCHOOL","school"
"23 WOODLANDS AVENUE 1 FUCHUN PRIMARY SCHOOL SINGAPORE 739063",1.43047990810126,103.778192944298,"FUCHUN PRIMARY SCHOOL","school"
"21 WOODLANDS AVENUE 1 FUCHUN SECONDARY SCHOOL SINGAPORE 739062",1.43070452883799,103.777625748539,"FUCHUN SECONDARY SCHOOL","school"
"65 JURONG EAST STREET 13 FUHUA PRIMARY SCHOOL SINGAPORE 609647",1.33650394789627,103.736103745748,"FUHUA PRIMARY SCHOOL","school"
"5 JURONG WEST STREET 41 FUHUA SECONDARY SCHOOL SINGAPORE 649410",1.34701408913756,103.72652089832,"FUHUA SECONDARY SCHOOL","school"
"100 REDHILL CLOSE GAN ENG SENG PRIMARY SCHOOL SINGAPORE 158901",1.28559516494962,103.815547410064,"GAN ENG SENG PRIMARY SCHOOL","school"
"1 HENDERSON ROAD GAN ENG SENG SCHOOL SINGAPORE 159561",1.28907114458398,103.823733672546,"GAN ENG SENG SCHOOL","school"
"4 GEYLANG EAST CENTRAL GEYLANG METHODIST SCHOOL (PRIMARY) SINGAPORE 389706",1.31759126757284,103.883845744916,"GEYLANG METHODIST SCHOOL (PRIMARY)","school"
"2 GEYLANG EAST CENTRAL GEYLANG METHODIST SCHOOL (SECONDARY) SINGAPORE 389705",1.31764900474601,103.882661129303,"GEYLANG METHODIST SCHOOL (SECONDARY)","school"
"1 TAMPINES STREET 42 GONGSHANG PRIMARY SCHOOL SINGAPORE 529176",1.35723721393297,103.949115320172,"GONGSHANG PRIMARY SCHOOL","school"
"50 EDGEDALE PLAINS GREENDALE PRIMARY SCHOOL SINGAPORE 828848",1.39648195114256,103.91233462071,"GREENDALE PRIMARY SCHOOL","school"
"51 EDGEDALE PLAINS GREENDALE SECONDARY SCHOOL SINGAPORE 828866",1.39696019936894,103.91170014084,"GREENDALE SECONDARY SCHOOL","school"
"11 JELAPANG ROAD GREENRIDGE PRIMARY SCHOOL SINGAPORE 677744",1.3858892193692,103.767794469258,"GREENRIDGE PRIMARY SCHOOL","school"
"32 BUKIT PANJANG RING ROAD GREENRIDGE SECONDARY SCHOOL SINGAPORE 679938",1.38186433722811,103.773828466913,"GREENRIDGE SECONDARY SCHOOL","school"
"11 WOODLANDS DRIVE 62 GREENWOOD PRIMARY SCHOOL SINGAPORE 737942",1.43989958331782,103.804725587384,"GREENWOOD PRIMARY SCHOOL","school"
"6 BISHAN STREET 12 GUANGYANG PRIMARY SCHOOL SINGAPORE 579806",1.34569011530238,103.849453239895,"GUANGYANG PRIMARY SCHOOL","school"
"8 BISHAN STREET 12 GUANGYANG SECONDARY SCHOOL SINGAPORE 579807",1.34440856042912,103.850208933626,"GUANGYANG SECONDARY SCHOOL","school"
"9 PASIR RIS DRIVE 6 HAI SING CATHOLIC SCHOOL SINGAPORE 519421",1.37434641160381,103.954957944437,"HAI SING CATHOLIC SCHOOL","school"
"51 KOON SENG ROAD HAIG GIRLS' SCHOOL SINGAPORE 427072",1.31194344271383,103.902902557195,"HAIG GIRLS' SCHOOL","school"
"1 HOLLAND GROVE ROAD HENRY PARK PRIMARY SCHOOL SINGAPORE 278790",1.31667646178347,103.784296227747,"HENRY PARK PRIMARY SCHOOL","school"
"10 BUKIT BATOK STREET 52 HILLGROVE SECONDARY SCHOOL SINGAPORE 659250",1.35273576615912,103.752986488399,"HILLGROVE SECONDARY SCHOOL","school"
"1191 UPPER SERANGOON ROAD HOLY INNOCENTS' HIGH SCHOOL SINGAPORE 534786",1.37154508822261,103.896398814264,"HOLY INNOCENTS' HIGH SCHOOL","school"
"5 LORONG LOW KOON HOLY INNOCENTS' PRIMARY SCHOOL SINGAPORE 536451",1.36693830877349,103.894114899795,"HOLY INNOCENTS' PRIMARY SCHOOL","school"
"30 TOWNER ROAD HONG WEN SCHOOL SINGAPORE 327829",1.32175999964553,103.857628468881,"HONG WEN SCHOOL","school"
"61 EDGEDALE PLAINS HORIZON PRIMARY SCHOOL SINGAPORE 828819",1.399550034492,103.913404855665,"HORIZON PRIMARY SCHOOL","school"
"1 HOUGANG STREET 93 HOUGANG PRIMARY SCHOOL SINGAPORE 534238",1.37738245231461,103.880805274557,"HOUGANG PRIMARY SCHOOL","school"
"2 HOUGANG STREET 93 HOUGANG SECONDARY SCHOOL SINGAPORE 534256",1.37764019332164,103.882533963338,"HOUGANG SECONDARY SCHOOL","school"
"60 JURONG WEST STREET 42 HUA YI SECONDARY SCHOOL SINGAPORE 649371",1.35234365488339,103.721832320169,"HUA YI SECONDARY SCHOOL","school"
"21 YISHUN AVENUE 11 HUAMIN PRIMARY SCHOOL SINGAPORE 768857",1.42697284512936,103.844240226564,"HUAMIN PRIMARY SCHOOL","school"
"661 BUKIT TIMAH ROAD HWA CHONG INSTITUTION SINGAPORE 269734",1.3249477928719,103.805704361472,"HWA CHONG INSTITUTION","school"
"80 WOODLANDS DRIVE 17 INNOVA PRIMARY SCHOOL SINGAPORE 737888",1.42896700684852,103.790607539185,"INNOVA PRIMARY SCHOOL","school"
"2 YISHUN STREET 71 JIEMIN PRIMARY SCHOOL SINGAPORE 768515",1.42768847665227,103.830425490093,"JIEMIN PRIMARY SCHOOL","school"
"5 ANG MO KIO STREET 52 JING SHAN PRIMARY SCHOOL SINGAPORE 569228",1.37223290983498,103.852132214306,"JING SHAN PRIMARY SCHOOL","school"
"2 TAMPINES STREET 91 JUNYUAN PRIMARY SCHOOL SINGAPORE 528906",1.34787054460119,103.939220722335,"JUNYUAN PRIMARY SCHOOL","school"
"11 TAMPINES STREET 84 JUNYUAN SECONDARY SCHOOL SINGAPORE 528933",1.35361315263537,103.933886165824,"JUNYUAN SECONDARY SCHOOL","school"
"21 TECK WHYE WALK JURONG PIONEER JUNIOR COLLEGE SINGAPORE 688258",1.38437406410733,103.75437461519,"JURONG PIONEER JUNIOR COLLEGE","school"
"320 JURONG EAST STREET 32 JURONG PRIMARY SCHOOL SINGAPORE 609476",1.34860020316068,103.733156560251,"JURONG PRIMARY SCHOOL","school"
"31 YUAN CHING ROAD JURONG SECONDARY SCHOOL SINGAPORE 618652",1.33002032220942,103.723952961648,"JURONG SECONDARY SCHOOL","school"
"30 JURONG WEST STREET 61 JURONG WEST PRIMARY SCHOOL SINGAPORE 648368",1.33917519796104,103.698803732244,"JURONG WEST PRIMARY SCHOOL","school"
"61 JURONG WEST STREET 65 JURONG WEST SECONDARY SCHOOL SINGAPORE 648348",1.33525634688323,103.702098904443,"JURONG WEST SECONDARY SCHOOL","school"
"202 JURONG EAST AVENUE 1 JURONGVILLE SECONDARY SCHOOL SINGAPORE 609790",1.35128862770284,103.728907710089,"JURONGVILLE SECONDARY SCHOOL","school"
"31 JURONG WEST STREET 91 JUYING PRIMARY SCHOOL SINGAPORE 649037",1.33902264667589,103.687769623983,"JUYING PRIMARY SCHOOL","school"
"33 JURONG WEST STREET 91 JUYING SECONDARY SCHOOL SINGAPORE 649038",1.3387227734133,103.687310264575,"JUYING SECONDARY SCHOOL","school"
"90 BUKIT BATOK EAST AVENUE 6 KEMING PRIMARY SCHOOL SINGAPORE 659762",1.34552849960874,103.756449399351,"KEMING PRIMARY SCHOOL","school"
"147 WEST COAST ROAD KENT RIDGE SECONDARY SCHOOL SINGAPORE 127368",1.30122773426098,103.764889617566,"KENT RIDGE SECONDARY SCHOOL","school"
"15 LORONG 3 TOA PAYOH KHENG CHENG SCHOOL SINGAPORE 319580",1.3373381935639,103.847148501824,"KHENG CHENG SCHOOL","school"
"350 GUILLEMARD ROAD KONG HWA SCHOOL SINGAPORE 399772",1.31099674009193,103.888352029067,"KONG HWA SCHOOL","school"
"11 CHOA CHU KANG STREET 54 KRANJI PRIMARY SCHOOL SINGAPORE 689189",1.39356050497104,103.747362720939,"KRANJI PRIMARY SCHOOL","school"
"61 CHOA CHU KANG STREET 51 KRANJI SECONDARY SCHOOL SINGAPORE 689333",1.39005109871311,103.741190664845,"KRANJI SECONDARY SCHOOL","school"
"8B BISHAN STREET 13 KUO CHUAN PRESBYTERIAN PRIMARY SCHOOL SINGAPORE 579802",1.34978307376407,103.854529246517,"KUO CHUAN PRESBYTERIAN PRIMARY SCHOOL","school"
"10 BISHAN STREET 13 KUO CHUAN PRESBYTERIAN SECONDARY SCHOOL SINGAPORE 579795",1.3500756234832,103.855365171957,"KUO CHUAN PRESBYTERIAN SECONDARY SCHOOL","school"
"161 CORPORATION WALK LAKESIDE PRIMARY SCHOOL SINGAPORE 618310",1.33820397704287,103.718089546664,"LAKESIDE PRIMARY SCHOOL","school"
"2 BUKIT BATOK STREET 52 LIANHUA PRIMARY SCHOOL SINGAPORE 659243",1.35424191127295,103.754165828711,"LIANHUA PRIMARY SCHOOL","school"
"12 PASIR RIS STREET 11 LOYANG VIEW SECONDARY SCHOOL SINGAPORE 519073",1.36658417167238,103.956944585725,"LOYANG VIEW SECONDARY SCHOOL","school"
"10 UBI AVENUE 1 MAHA BODHI SCHOOL SINGAPORE 408931",1.32847086658384,103.901298737314,"MAHA BODHI SCHOOL","school"
"20 UBI AVENUE 1 MANJUSRI SECONDARY SCHOOL SINGAPORE 408940",1.32747123084846,103.901719963831,"MANJUSRI SECONDARY SCHOOL","school"
"25 MOUNT VERNON ROAD MARIS STELLA HIGH SCHOOL SINGAPORE 368051",1.34139473351039,103.877852484979,"MARIS STELLA HIGH SCHOOL","school"
"31 WOODLANDS CENTRE ROAD MARSILING PRIMARY SCHOOL SINGAPORE 738927",1.43383904037059,103.773643013846,"MARSILING PRIMARY SCHOOL","school"
"12 MARSILING ROAD MARSILING SECONDARY SCHOOL SINGAPORE 739110",1.43664424769955,103.776008090454,"MARSILING SECONDARY SCHOOL","school"
"20 MARYMOUNT ROAD MARYMOUNT CONVENT SCHOOL SINGAPORE 297754",1.34036676987375,103.840021064426,"MARYMOUNT CONVENT SCHOOL","school"
"6 ANG MO KIO AVENUE 2 MAYFLOWER PRIMARY SCHOOL (JAN 2019 - DEC 2021) SINGAPORE 569948",1.37614621670476,103.835805246743,"MAYFLOWER PRIMARY SCHOOL","school"
"2 ANG MO KIO STREET 21 MAYFLOWER SECONDARY SCHOOL SINGAPORE 569384",1.36827266209722,103.835360726863,"MAYFLOWER SECONDARY SCHOOL","school"
"21 EDGEDALE PLAINS MEE TOH SCHOOL SINGAPORE 828867",1.3946184538592,103.908589494228,"MEE TOH SCHOOL","school"
"20 PASIR RIS STREET 71 MERIDIAN PRIMARY SCHOOL SINGAPORE 518798",1.37552831658484,103.934889078518,"MERIDIAN PRIMARY SCHOOL","school"
"31 PASIR RIS STREET 51 MERIDIAN SECONDARY SCHOOL SINGAPORE 518901",1.3672468492013,103.948972483629,"MERIDIAN SECONDARY SCHOOL","school"
"298 LORONG AH SOO PAYA LEBAR METHODIST GIRLS' SCHOOL (PRIMARY) SINGAPORE 536741",1.34947276268396,103.884971343143,"METHODIST GIRLS' SCHOOL (PRIMARY)","school"
"296 LORONG AH SOO PAYA LEBAR METHODIST GIRLS' SCHOOL (SECONDARY) SINGAPORE 536742",1.35096755912522,103.885120050588,"METHODIST GIRLS' SCHOOL (SECONDARY)","school"
"60 BUKIT BATOK WEST AVENUE 8 MILLENNIA INSTITUTE SINGAPORE 658965",1.35031930770024,103.741593577687,"MILLENNIA INSTITUTE","school"
"52 HOUGANG AVENUE 8 MONTFORT JUNIOR SCHOOL SINGAPORE 538786",1.37382444075979,103.889307782925,"MONTFORT JUNIOR SCHOOL","school"
"50 HOUGANG AVENUE 8 MONTFORT SECONDARY SCHOOL SINGAPORE 538785",1.37396126564931,103.888928609198,"MONTFORT SECONDARY SCHOOL","school"
"20 ANCHORVALE LINK NAN CHIAU HIGH SCHOOL SINGAPORE 545079",1.38879582498399,103.890004423764,"NAN CHIAU HIGH SCHOOL","school"
"50 ANCHORVALE LINK NAN CHIAU PRIMARY SCHOOL SINGAPORE 545080",1.39221149906592,103.891180928186,"NAN CHIAU PRIMARY SCHOOL","school"
"41 CLEMENTI AVENUE 1 NAN HUA HIGH SCHOOL SINGAPORE 129956",1.30809501788853,103.768561208484,"NAN HUA HIGH SCHOOL","school"
"30 JALAN LEMPENG NAN HUA PRIMARY SCHOOL SINGAPORE 128806",1.31920159956387,103.761095065761,"NAN HUA PRIMARY SCHOOL","school"
"2 LINDEN DRIVE NANYANG GIRLS' HIGH SCHOOL SINGAPORE 288683",1.33058326666479,103.802420979943,"NANYANG GIRLS' HIGH SCHOOL","school"
"128 SERANGOON AVENUE 3 NANYANG JUNIOR COLLEGE SINGAPORE 556111",1.35028314949236,103.866498721912,"NANYANG JUNIOR COLLEGE","school"
"52 KING'S ROAD NANYANG PRIMARY SCHOOL SINGAPORE 268097",1.32084749904532,103.807750155296,"NANYANG PRIMARY SCHOOL","school"
"37 HILLCREST ROAD NATIONAL JUNIOR COLLEGE SINGAPORE 288913",1.33029291072172,103.804110905425,"NATIONAL JUNIOR COLLEGE","school"
"7 YISHUN AVENUE 4 NAVAL BASE PRIMARY SCHOOL SINGAPORE 769028",1.41630663159387,103.838794077233,"NAVAL BASE PRIMARY SCHOOL","school"
"901 YISHUN RING ROAD NAVAL BASE SECONDARY SCHOOL SINGAPORE 768689",1.41937881620441,103.831050390247,"NAVAL BASE SECONDARY SCHOOL","school"
"300 TANGLIN HALT ROAD NEW TOWN PRIMARY SCHOOL SINGAPORE 148812",1.29964188181021,103.80010216304,"NEW TOWN PRIMARY SCHOOL","school"
"1020 DOVER ROAD NEW TOWN SECONDARY SCHOOL SINGAPORE 139657",1.30977590011357,103.77318863421,"NEW TOWN SECONDARY SCHOOL","school"
"344 MARINE TERRACE NGEE ANN PRIMARY SCHOOL SINGAPORE 449149",1.30552505910497,103.917463017497,"NGEE ANN PRIMARY SCHOOL","school"
"1 TAMPINES STREET 32 NGEE ANN SECONDARY SCHOOL SINGAPORE 529283",1.35447525755806,103.956747262496,"NGEE ANN SECONDARY SCHOOL","school"
"1 RIVERVALE STREET NORTH SPRING PRIMARY SCHOOL SINGAPORE 545088",1.38706146494859,103.903202683028,"NORTH SPRING PRIMARY SCHOOL","school"
"210 YISHUN AVENUE 6 NORTH VIEW PRIMARY SCHOOL SINGAPORE 768960",1.42752327193727,103.848190787869,"NORTH VIEW PRIMARY SCHOOL","school"
"20 COMPASSVALE LINK NORTH VISTA PRIMARY SCHOOL SINGAPORE 544974",1.38282243016299,103.895961877928,"NORTH VISTA PRIMARY SCHOOL","school"
"11 RIVERVALE LINK NORTH VISTA SECONDARY SCHOOL SINGAPORE 545081",1.381131285358,103.899188813886,"NORTH VISTA SECONDARY SCHOOL","school"
"585 YISHUN RING ROAD NORTHBROOKS SECONDARY SCHOOL SINGAPORE 768692",1.42081285020652,103.845147332528,"NORTHBROOKS SECONDARY SCHOOL","school"
"15 YISHUN AVENUE 4 NORTHLAND PRIMARY SCHOOL SINGAPORE 769026",1.42096989918951,103.840928424929,"NORTHLAND PRIMARY SCHOOL","school"
"3 YISHUN STREET 22 NORTHLAND SECONDARY SCHOOL SINGAPORE 768578",1.43580183362637,103.840104687784,"NORTHLAND SECONDARY SCHOOL","school"
"151 TOWNER ROAD NORTHLIGHT SCHOOL SINGAPORE 327830",1.3191002158167,103.85575955353,"NORTHLIGHT SCHOOL","school"
"61 SEMBAWANG DRIVE NORTHOAKS PRIMARY SCHOOL SINGAPORE 757622",1.45660782030102,103.814196981329,"NORTHOAKS PRIMARY SCHOOL","school"
"30 NORTHSHORE DRIVE NORTHSHORE PRIMARY SCHOOL SINGAPORE 828671",1.41813803336667,103.904416909742,"NORTHSHORE PRIMARY SCHOOL","school"
"30 CLEMENTI AVENUE 1 NUS HIGH SCHOOL OF MATHEMATICS AND SCIENCE SINGAPORE 129958",1.30615665859431,103.770148255807,"NUS HIGH SCHOOL OF MATHEMATICS AND SCIENCE","school"
"71 EDGEFIELD PLAINS OASIS PRIMARY SCHOOL SINGAPORE 828716",1.40462413200793,103.911120600638,"OASIS PRIMARY SCHOOL","school"
"48 FIDELIO STREET OPERA ESTATE PRIMARY SCHOOL SINGAPORE 458436",1.31931914436255,103.923788259248,"OPERA ESTATE PRIMARY SCHOOL","school"
"10 YISHUN STREET 81 ORCHID PARK SECONDARY SCHOOL SINGAPORE 768454",1.41532032779634,103.837859241343,"ORCHID PARK SECONDARY SCHOOL","school"
"3 YORK HILL OUTRAM SECONDARY SCHOOL SINGAPORE 168622",1.28651357464735,103.837127264403,"OUTRAM SECONDARY SCHOOL","school"
"150 COMPASSVALE BOW PALM VIEW PRIMARY SCHOOL SINGAPORE 544822",1.38376923022123,103.891354675017,"PALM VIEW PRIMARY SCHOOL","school"
"60 PASIR RIS DRIVE 1 PARK VIEW PRIMARY SCHOOL SINGAPORE 519524",1.37738069854249,103.939541695654,"PARK VIEW PRIMARY SCHOOL","school"
"11 PASIR RIS STREET 41 PASIR RIS CREST SECONDARY SCHOOL SINGAPORE 518934",1.37284060102246,103.959728202919,"PASIR RIS CREST SECONDARY SCHOOL","school"
"5 PASIR RIS STREET 21 PASIR RIS PRIMARY SCHOOL SINGAPORE 518968",1.37241870245531,103.962807212116,"PASIR RIS PRIMARY SCHOOL","school"
"390 TAMPINES STREET 21 PASIR RIS SECONDARY SCHOOL SINGAPORE 529400",1.35422732653396,103.948962626204,"PASIR RIS SECONDARY SCHOOL","school"
"298 LORONG AH SOO PAYA LEBAR METHODIST GIRLS' SCHOOL (PRIMARY) SINGAPORE 536741",1.34947276268396,103.884971343143,"PAYA LEBAR METHODIST GIRLS' SCHOOL (PRIMARY)","school"
"296 LORONG AH SOO PAYA LEBAR METHODIST GIRLS' SCHOOL (SECONDARY) SINGAPORE 536742",1.35096755912522,103.885120050588,"PAYA LEBAR METHODIST GIRLS' SCHOOL (SECONDARY)","school"
"16 LORONG 7 TOA PAYOH PEI CHUN PUBLIC SCHOOL SINGAPORE 319320",1.33737358725951,103.855585578061,"PEI CHUN PUBLIC SCHOOL","school"
"7 PEI WAH AVENUE PEI HWA PRESBYTERIAN PRIMARY SCHOOL SINGAPORE 597610",1.33805634613048,103.776106448614,"PEI HWA PRESBYTERIAN PRIMARY SCHOOL","school"
"21 FERNVALE LINK PEI HWA SECONDARY SCHOOL SINGAPORE 797702",1.39037504993234,103.878461745339,"PEI HWA SECONDARY SCHOOL","school"
"15 CLEMENTI AVENUE 5 PEI TONG PRIMARY SCHOOL SINGAPORE 129857",1.31619784883042,103.767599807694,"PEI TONG PRIMARY SCHOOL","school"
"10 SERANGOON AVENUE 4 PEICAI SECONDARY SCHOOL SINGAPORE 556094",1.35951583222214,103.870010749055,"PEICAI SECONDARY SCHOOL","school"
"10 SIN MING WALK PEIRCE SECONDARY SCHOOL SINGAPORE 575566",1.36665944653812,103.83021606804,"PEIRCE SECONDARY SCHOOL","school"
"651 YISHUN RING ROAD PEIYING PRIMARY SCHOOL SINGAPORE 768687",1.41723339695904,103.830417090698,"PEIYING PRIMARY SCHOOL","school"
"61 CHAI CHEE STREET PING YI SECONDARY SCHOOL SINGAPORE 468980",1.3270167275387,103.920700671987,"PING YI SECONDARY SCHOOL","school"
"23 JURONG WEST STREET 81 PIONEER PRIMARY SCHOOL SINGAPORE 649076",1.34883617453427,103.695003812477,"PIONEER PRIMARY SCHOOL","school"
"21 TAMPINES STREET 71 POI CHING SCHOOL SINGAPORE 529067",1.35765122315688,103.935246477199,"POI CHING SCHOOL","school"
"5209 ANG MO KIO AVENUE 6 PRESBYTERIAN HIGH SCHOOL SINGAPORE 569845",1.38201194250223,103.843149382823,"PRESBYTERIAN HIGH SCHOOL","school"
"30 BUKIT BATOK WEST AVENUE 3 PRINCESS ELIZABETH PRIMARY SCHOOL SINGAPORE 659163",1.349203512653,103.74101964471,"PRINCESS ELIZABETH PRIMARY SCHOOL","school"
"52 SUMANG WALK PUNGGOL COVE PRIMARY SCHOOL SINGAPORE 828674",1.41159891873961,103.898804620697,"PUNGGOL COVE PRIMARY SCHOOL","school"
"98 PUNGGOL WALK PUNGGOL GREEN PRIMARY SCHOOL SINGAPORE 828772",1.40187220643293,103.898801330302,"PUNGGOL GREEN PRIMARY SCHOOL","school"
"61 HOUGANG AVENUE 8 PUNGGOL PRIMARY SCHOOL SINGAPORE 538787",1.37779451191095,103.894506933668,"PUNGGOL PRIMARY SCHOOL","school"
"51 EDGEFIELD PLAINS PUNGGOL SECONDARY SCHOOL SINGAPORE 828870",1.40205738421399,103.909213706482,"PUNGGOL SECONDARY SCHOOL","school"
"9 PUNGGOL PLACE PUNGGOL VIEW PRIMARY SCHOOL SINGAPORE 828845",1.40514582647962,103.905156371376,"PUNGGOL VIEW PRIMARY SCHOOL","school"
"50 WEST COAST AVENUE QIFA PRIMARY SCHOOL SINGAPORE 128104",1.31325113867272,103.756743261958,"QIFA PRIMARY SCHOOL","school"
"5 WOODLANDS STREET 81 QIHUA PRIMARY SCHOOL SINGAPORE 738525",1.4420359661233,103.788339756898,"QIHUA PRIMARY SCHOOL","school"
"310 MARGARET DRIVE QUEENSTOWN PRIMARY SCHOOL SINGAPORE 149303",1.29559365009015,103.807548617332,"QUEENSTOWN PRIMARY SCHOOL","school"
"1 STRATHMORE ROAD QUEENSTOWN SECONDARY SCHOOL SINGAPORE 148800",1.29352126774652,103.813190980055,"QUEENSTOWN SECONDARY SCHOOL","school"
"2A MARGARET DRIVE QUEENSWAY SECONDARY SCHOOL SINGAPORE 149295",1.30022271592188,103.802207291625,"QUEENSWAY SECONDARY SCHOOL","school"
"1 BUKIT PURMEI AVENUE RADIN MAS PRIMARY SCHOOL SINGAPORE 099840",1.27495823622634,103.824188270373,"RADIN MAS PRIMARY SCHOOL","school"
"21 HILLCREST ROAD RAFFLES GIRLS' PRIMARY SCHOOL SINGAPORE 289072",1.3294042600012,103.806442915912,"RAFFLES GIRLS' PRIMARY SCHOOL","school"
"2 BRADDELL RISE RAFFLES GIRLS' SCHOOL (SECONDARY) SINGAPORE 318871",1.34217479932295,103.84313404727,"RAFFLES GIRLS' SCHOOL (SECONDARY)","school"
"1 RAFFLES INSTITUTION LANE RAFFLES INSTITUTION SINGAPORE 575954",1.34618776121223,103.845875102373,"RAFFLES INSTITUTION","school"
"350 BEDOK NORTH AVENUE 3 RED SWASTIKA SCHOOL SINGAPORE 469719",1.33324297847732,103.934332314404,"RED SWASTIKA SCHOOL","school"
"50 CHOA CHU KANG NORTH 5 REGENT SECONDARY SCHOOL SINGAPORE 689621",1.39327908335682,103.751034411529,"REGENT SECONDARY SCHOOL","school"
"6 BOON LAY AVENUE RIVER VALLEY HIGH SCHOOL SINGAPORE 649961",1.34407801149725,103.709022156436,"RIVER VALLEY HIGH SCHOOL","school"
"2 RIVER VALLEY GREEN RIVER VALLEY PRIMARY SCHOOL SINGAPORE 237993",1.2942232846169,103.835815165829,"RIVER VALLEY PRIMARY SCHOOL","school"
"110 WOODLANDS CRESCENT RIVERSIDE PRIMARY SCHOOL SINGAPORE 737803",1.44704734253719,103.801831963297,"RIVERSIDE PRIMARY SCHOOL","school"
"3 WOODLANDS STREET 81 RIVERSIDE SECONDARY SCHOOL SINGAPORE 738524",1.44110157139127,103.78830823641,"RIVERSIDE SECONDARY SCHOOL","school"
"80 RIVERVALE DRIVE RIVERVALE PRIMARY SCHOOL SINGAPORE 545092",1.39340997767762,103.904559511997,"RIVERVALE PRIMARY SCHOOL","school"
"21 SERANGOON NORTH AVENUE 4 ROSYTH SCHOOL SINGAPORE 555855",1.37289067499064,103.875001549174,"ROSYTH SCHOOL","school"
"6 JURONG WEST STREET 52 RULANG PRIMARY SCHOOL SINGAPORE 649295",1.34673868889096,103.718457955487,"RULANG PRIMARY SCHOOL","school"
"1 TECHNOLOGY DRIVE SCHOOL OF SCIENCE AND TECHNOLOGY, SINGAPORE SINGAPORE 138572",1.31292810600277,103.774011529322,"SCHOOL OF SCIENCE AND TECHNOLOGY, SINGAPORE","school"
"10 SEMBAWANG DRIVE SEMBAWANG PRIMARY SCHOOL SINGAPORE 757715",1.4450737155262,103.821042374036,"SEMBAWANG PRIMARY SCHOOL","school"
"30 SEMBAWANG CRESCENT SEMBAWANG SECONDARY SCHOOL SINGAPORE 757704",1.44531502131387,103.816843258118,"SEMBAWANG SECONDARY SCHOOL","school"
"21 COMPASSVALE WALK SENG KANG PRIMARY SCHOOL SINGAPORE 545166",1.38949740422462,103.899767112047,"SENG KANG PRIMARY SCHOOL","school"
"10 COMPASSVALE LANE SENG KANG SECONDARY SCHOOL SINGAPORE 545090",1.38659683143747,103.898365036709,"SENG KANG SECONDARY SCHOOL","school"
"15 FERNVALE ROAD SENGKANG GREEN PRIMARY SCHOOL SINGAPORE 797636",1.39284606680477,103.875217666486,"SENGKANG GREEN PRIMARY SCHOOL","school"
"21 SERANGOON NORTH AVENUE 1 SERANGOON GARDEN SECONDARY SCHOOL SINGAPORE 555889",1.36932570490947,103.869270301476,"SERANGOON GARDEN SECONDARY SCHOOL","school"
"11 UPPER SERANGOON VIEW SERANGOON SECONDARY SCHOOL SINGAPORE 534237",1.37465538827443,103.902138740699,"SERANGOON SECONDARY SCHOOL","school"
"8 JURONG WEST STREET 51 SHUQUN PRIMARY SCHOOL SINGAPORE 649332",1.34765311431632,103.721523713379,"SHUQUN PRIMARY SCHOOL","school"
"61 WOODLANDS AVENUE 1 SI LING PRIMARY SCHOOL SINGAPORE 739067",1.43240935732525,103.786035065192,"SI LING PRIMARY SCHOOL","school"
"190 DUNEARN ROAD SINGAPORE CHINESE GIRLS' SCHOOL (PRIMARY) SINGAPORE 309437",1.32080725235992,103.827744749548,"SINGAPORE CHINESE GIRLS' PRIMARY SCHOOL","school"
"190 DUNEARN ROAD SINGAPORE CHINESE GIRLS' SCHOOL SINGAPORE 309437",1.3206340835184,103.828164966953,"SINGAPORE CHINESE GIRLS' SCHOOL","school"
"1 CHAMPIONS WAY SINGAPORE SPORTS SCHOOL SINGAPORE 737913",1.42641140556342,103.789444793951,"SINGAPORE SPORTS SCHOOL","school"
"6 CHOA CHU KANG CENTRAL SOUTH VIEW PRIMARY SCHOOL SINGAPORE 689762",1.38166664389749,103.746275846011,"SOUTH VIEW PRIMARY SCHOOL","school"
"1 WOODLANDS DRIVE 64 SPECTRA SECONDARY SCHOOL SINGAPORE 737758",1.43703750789961,103.804100467487,"SPECTRA SECONDARY SCHOOL","school"
"71 ANCHORVALE LINK SPRINGDALE PRIMARY SCHOOL SINGAPORE 544799",1.39467010299293,103.889926221247,"SPRINGDALE PRIMARY SCHOOL","school"
"30 TAMPINES AVENUE 8 SPRINGFIELD SECONDARY SCHOOL SINGAPORE 529593",1.34957303471476,103.930354460693,"SPRINGFIELD SECONDARY SCHOOL","school"
"1 VICTORIA LANE STAMFORD PRIMARY SCHOOL SINGAPORE 198423",1.30345638467449,103.857453500579,"STAMFORD PRIMARY SCHOOL","school"
"3 BUKIT BATOK STREET 34 SWISS COTTAGE SECONDARY SCHOOL SINGAPORE 659322",1.36471742697475,103.750396136688,"SWISS COTTAGE SECONDARY SCHOOL","school"
"21 PASIR RIS STREET 71 TAMPINES MERIDIAN JUNIOR COLLEGE SINGAPORE 518799",1.37633346909682,103.936990723441,"TAMPINES MERIDIAN JUNIOR COLLEGE","school"
"30 TAMPINES AVENUE 9 TAMPINES NORTH PRIMARY SCHOOL SINGAPORE 529565",1.36047641484682,103.948725782833,"TAMPINES NORTH PRIMARY SCHOOL","school"
"250 TAMPINES STREET 12 TAMPINES PRIMARY SCHOOL SINGAPORE 529426",1.34977870805929,103.944004684986,"TAMPINES PRIMARY SCHOOL","school"
"252 TAMPINES STREET 12 TAMPINES SECONDARY SCHOOL SINGAPORE 529427",1.34926094811197,103.944263709507,"TAMPINES SECONDARY SCHOOL","school"
"301 WEST COAST ROAD TANGLIN SECONDARY SCHOOL SINGAPORE 127391",1.30970169234123,103.758158358303,"TANGLIN SECONDARY SCHOOL","school"
"20 DUNMAN LANE TANJONG KATONG GIRLS' SCHOOL SINGAPORE 439272",1.30821274627283,103.895820094229,"TANJONG KATONG GIRLS' SCHOOL","school"
"10 SERAYA ROAD TANJONG KATONG PRIMARY SCHOOL SINGAPORE 437259",1.30524084264265,103.900092702031,"TANJONG KATONG PRIMARY SCHOOL","school"
"130 HAIG ROAD TANJONG KATONG SECONDARY SCHOOL SINGAPORE 438796",1.30873515955341,103.897225196199,"TANJONG KATONG SECONDARY SCHOOL","school"
"49 MARINE CRESCENT TAO NAN SCHOOL SINGAPORE 449761",1.30528528687321,103.911553152326,"TAO NAN SCHOOL","school"
"1 ANG MO KIO STREET 32 TECK GHEE PRIMARY SCHOOL SINGAPORE 569299",1.36558782075966,103.850957126982,"TECK GHEE PRIMARY SCHOOL","school"
"11 TECK WHYE WALK TECK WHYE PRIMARY SCHOOL SINGAPORE 688261",1.38364996834457,103.753291857016,"TECK WHYE PRIMARY SCHOOL","school"
"31 TECK WHYE CRESCENT TECK WHYE SECONDARY SCHOOL SINGAPORE 688848",1.38333422637073,103.75510327583,"TECK WHYE SECONDARY SCHOOL","school"
"50 BEDOK RESERVOIR ROAD TELOK KURAU PRIMARY SCHOOL SINGAPORE 479239",1.33104585441349,103.910934011337,"TELOK KURAU PRIMARY SCHOOL","school"
"22 BEDOK SOUTH ROAD TEMASEK JUNIOR COLLEGE SINGAPORE 469278",1.31849283027837,103.935567309385,"TEMASEK JUNIOR COLLEGE","school"
"501 BEDOK SOUTH AVENUE 3 TEMASEK PRIMARY SCHOOL SINGAPORE 469300",1.31770677551333,103.945590669163,"TEMASEK PRIMARY SCHOOL","school"
"600 UPPER EAST COAST ROAD TEMASEK SECONDARY SCHOOL SINGAPORE 465561",1.31591673150616,103.947564112022,"TEMASEK SECONDARY SCHOOL","school"
"3 ANG MO KIO AVENUE 10 TOWNSVILLE PRIMARY SCHOOL SINGAPORE 569730",1.36003263746623,103.853826048327,"TOWNSVILLE PRIMARY SCHOOL","school"
"21 CHOA CHU KANG CRESCENT UNITY PRIMARY SCHOOL SINGAPORE 688268",1.40285481877246,103.746822625758,"UNITY PRIMARY SCHOOL","school"
"20 CHOA CHU KANG STREET 62 UNITY SECONDARY SCHOOL SINGAPORE 689143",1.40002893292855,103.746025843729,"UNITY SECONDARY SCHOOL","school"
"49 PUNGGOL CENTRAL VALOUR PRIMARY SCHOOL SINGAPORE 828728",1.40683570215319,103.899078139493,"VALOUR PRIMARY SCHOOL","school"
"20 MARINE VISTA VICTORIA JUNIOR COLLEGE SINGAPORE 449035",1.30670174177479,103.919982704149,"VICTORIA JUNIOR COLLEGE","school"
"2 SIGLAP LINK VICTORIA SCHOOL SINGAPORE 448880",1.3087130270751,103.927980966639,"VICTORIA SCHOOL","school"
"70 PUNGGOL DRIVE WATERWAY PRIMARY SCHOOL SINGAPORE 828802",1.39882800626578,103.918621581556,"WATERWAY PRIMARY SCHOOL","school"
"10 WELLINGTON CIRCLE WELLINGTON PRIMARY SCHOOL SINGAPORE 757702",1.45192019155475,103.822303719094,"WELLINGTON PRIMARY SCHOOL","school"
"1 JURONG WEST STREET 72 WEST GROVE PRIMARY SCHOOL SINGAPORE 649223",1.3448790560014,103.699286360581,"WEST GROVE PRIMARY SCHOOL","school"
"60 BUKIT PANJANG RING ROAD WEST SPRING PRIMARY SCHOOL SINGAPORE 679946",1.38944145898943,103.766195711835,"WEST SPRING PRIMARY SCHOOL","school"
"61 SENJA ROAD WEST SPRING SECONDARY SCHOOL SINGAPORE 677737",1.38782283303782,103.760128840155,"WEST SPRING SECONDARY SCHOOL","school"
"31 SENJA ROAD WEST VIEW PRIMARY SCHOOL SINGAPORE 677742",1.3836758200336,103.760240434318,"WEST VIEW PRIMARY SCHOOL","school"
"1 JURONG WEST STREET 73 WESTWOOD PRIMARY SCHOOL SINGAPORE 649188",1.34718456606375,103.70053420978,"WESTWOOD PRIMARY SCHOOL","school"
"11 JURONG WEST STREET 25 WESTWOOD SECONDARY SCHOOL SINGAPORE 648350",1.35373698510994,103.701772102139,"WESTWOOD SECONDARY SCHOOL","school"
"2 PASIR RIS STREET 11 WHITE SANDS PRIMARY SCHOOL SINGAPORE 519075",1.36555714668553,103.960918869319,"WHITE SANDS PRIMARY SCHOOL","school"
"30 BISHAN STREET 24 WHITLEY SECONDARY SCHOOL SINGAPORE 579747",1.35505208480649,103.842552378136,"WHITLEY SECONDARY SCHOOL","school"
"2 WOODLANDS DRIVE 14 WOODGROVE PRIMARY SCHOOL SINGAPORE 738079",1.43310340168966,103.790604437613,"WOODGROVE PRIMARY SCHOOL","school"
"3 WOODLANDS AVENUE 6 WOODGROVE SECONDARY SCHOOL SINGAPORE 738990",1.42831828137013,103.79604758539,"WOODGROVE SECONDARY SCHOOL","school"
"10 WOODLANDS DRIVE 50 WOODLANDS PRIMARY SCHOOL SINGAPORE 738853",1.43655108594232,103.791570546509,"WOODLANDS PRIMARY SCHOOL","school"
"11 WOODLANDS RING ROAD WOODLANDS RING PRIMARY SCHOOL SINGAPORE 738240",1.43495229315857,103.797435733144,"WOODLANDS RING PRIMARY SCHOOL","school"
"10 WOODLANDS RING ROAD WOODLANDS RING SECONDARY SCHOOL SINGAPORE 738239",1.43648894729939,103.800148469692,"WOODLANDS RING SECONDARY SCHOOL","school"
"11 MARSILING ROAD WOODLANDS SECONDARY SCHOOL SINGAPORE 739111",1.43912528141356,103.774586410437,"WOODLANDS SECONDARY SCHOOL","school"
"45 HOUGANG AVENUE 1 XINGHUA PRIMARY SCHOOL SINGAPORE 538882",1.35790893589535,103.890472887906,"XINGHUA PRIMARY SCHOOL","school"
"5 JURONG WEST STREET 91 XINGNAN PRIMARY SCHOOL SINGAPORE 649036",1.34254744877694,103.687950252103,"XINGNAN PRIMARY SCHOOL","school"
"9 HOUGANG AVENUE 8 XINMIN PRIMARY SCHOOL SINGAPORE 538784",1.37139548941931,103.883080767491,"XINMIN PRIMARY SCHOOL","school"
"11 HOUGANG AVENUE 8 XINMIN SECONDARY SCHOOL SINGAPORE 538789",1.37255884700002,103.88305161385,"XINMIN SECONDARY SCHOOL","school"
"8 YISHUN STREET 21 XISHAN PRIMARY SCHOOL SINGAPORE 768611",1.43347186925064,103.837755319448,"XISHAN PRIMARY SCHOOL","school"
"15 SERANGOON AVENUE 3 YANGZHENG PRIMARY SCHOOL SINGAPORE 556108",1.34864575840923,103.868595527042,"YANGZHENG PRIMARY SCHOOL","school"
"10 CHOA CHU KANG STREET 64 YEW TEE PRIMARY SCHOOL SINGAPORE 689100",1.39676600905037,103.750985967346,"YEW TEE PRIMARY SCHOOL","school"
"1 HOUGANG STREET 51 YIO CHU KANG PRIMARY SCHOOL SINGAPORE 538720",1.37793264345276,103.885643682171,"YIO CHU KANG PRIMARY SCHOOL","school"
"3063 ANG MO KIO AVENUE 5 YIO CHU KANG SECONDARY SCHOOL SINGAPORE 569868",1.37797597740925,103.84213696352,"YIO CHU KANG SECONDARY SCHOOL","school"
"3 YISHUN RING ROAD YISHUN INNOVA JUNIOR COLLEGE SINGAPORE 768675",1.42426692572335,103.83003171149,"YISHUN INNOVA JUNIOR COLLEGE","school"
"500 YISHUN RING ROAD YISHUN PRIMARY SCHOOL SINGAPORE 768679",1.43338602975674,103.834087115915,"YISHUN PRIMARY SCHOOL","school"
"4 YISHUN STREET 71 YISHUN SECONDARY SCHOOL SINGAPORE 768516",1.42813324276086,103.828764316679,"YISHUN SECONDARY SCHOOL","school"
"6 YISHUN STREET 21 YISHUN TOWN SECONDARY SCHOOL SINGAPORE 768610",1.43232156717386,103.838094226361,"YISHUN TOWN SECONDARY SCHOOL","school"
"56 BEDOK NORTH STREET 3 YU NENG PRIMARY SCHOOL SINGAPORE 469623",1.33388930344069,103.932144857355,"YU NENG PRIMARY SCHOOL","school"
"103 YUAN CHING ROAD YUAN CHING SECONDARY SCHOOL SINGAPORE 618654",1.34200635764467,103.72089870437,"YUAN CHING SECONDARY SCHOOL","school"
"158 JURONG EAST STREET 24 YUHUA PRIMARY SCHOOL SINGAPORE 609558",1.34280230475033,103.741105772644,"YUHUA PRIMARY SCHOOL","school"
"35 JURONG WEST STREET 41 YUHUA SECONDARY SCHOOL SINGAPORE 649406",1.34718626876968,103.722687235839,"YUHUA SECONDARY SCHOOL","school"
"3 TAMPINES STREET 21 YUMIN PRIMARY SCHOOL SINGAPORE 529393",1.35129177656981,103.950461927088,"YUMIN PRIMARY SCHOOL","school"
"11 BUKIT BATOK STREET 25 YUSOF ISHAK SECONDARY SCHOOL SINGAPORE 658712",1.34233921440623,103.760032628302,"YUSOF ISHAK SECONDARY SCHOOL","school"
"47 HOUGANG AVENUE 1 YUYING SECONDARY SCHOOL SINGAPORE 538884",1.35713595302467,103.890194755287,"YUYING SECONDARY SCHOOL","school"
"51 JALAN MEMBINA ZHANGDE PRIMARY SCHOOL SINGAPORE 169485",1.28421153335379,103.825951875662,"ZHANGDE PRIMARY SCHOOL","school"
"9 FAJAR ROAD ZHENGHUA PRIMARY SCHOOL SINGAPORE 679002",1.37954887512229,103.769313521752,"ZHENGHUA PRIMARY SCHOOL","school"
"91 SENJA ROAD ZHENGHUA SECONDARY SCHOOL SINGAPORE 677741",1.38836583415352,103.765510638527,"ZHENGHUA SECONDARY SCHOOL","school"
"12 SERANGOON AVENUE 4 ZHONGHUA PRIMARY SCHOOL SINGAPORE 556095",1.36020329705047,103.869762438084,"ZHONGHUA PRIMARY SCHOOL","school"
"13 SERANGOON AVENUE 3 ZHONGHUA SECONDARY SCHOOL SINGAPORE 556123",1.34840720846208,103.869430481414,"ZHONGHUA SECONDARY SCHOOL","school"
